angle_deg,mean_exp
-10,2.7138845167319805
-9,2.633273216954473
-8,2.5506041690182992
-7,2.435016698548009
-6,2.321686608670711
-5,2.2036201934808277
-4,2.127181371018121
-3,2.0798809216356013
-2,2.0684385934550655
-1,2.047079555021703
0,2.0402179328915007
1,2.0604460898254695
2,2.0892258346707755
3,2.1177922730350565
4,2.261656419132147
5,2.3814295820043476
6,2.623277974196782
7,2.8342214109274417
8,3.000191621982718
9,3.062931436505319
10,3.1661051133055933
