angle_deg,mean_exp
-10,2.450271047539521
-9,2.2785445879550945
-8,2.082262533139654
-7,1.9304072064177191
-6,1.7905033225491171
-5,1.7111478115878065
-4,1.6378182508999297
-3,1.5771597000983086
-2,1.5289571231055945
-1,1.4974090841824503
0,1.505640480463651
1,1.559242436971441
2,1.6460601404073074
3,1.771877325756612
4,1.9310565945099658
5,2.145040817564873
6,2.438181715678052
7,2.549722174874116
8,2.6109924374727216
9,2.8611073468186055
10,3.2229382184349133
