angle_deg,mean_exp
-10,2.5126669440839504
-9,2.3781893284248254
-8,2.223791235979107
-7,2.132124475236478
-6,2.058157583533941
-5,1.9760613759574754
-4,1.9360279664970306
-3,1.8903162690654256
-2,1.8794823585266303
-1,1.8794531315614942
0,1.9397813107045436
1,1.9914238503327573
2,2.067659295908289
3,2.1438781884323506
4,2.2401380623093807
5,2.3470293162496687
6,2.5591070258351283
7,2.689177187788309
8,2.885875203811045
9,3.0945046721879295
10,3.3271591562472076
